{"cameraMode":{"drawMode":0,"name":"Shaded","section":"Shading Mode"},"sceneLighting":false,"audioPlay":false,"sceneViewState":{"m_AlwaysRefresh":false,"showFog":true,"showSkybox":false,"showFlares":true,"showImageEffects":true,"showParticleSystems":true,"showVisualEffectGraphs":true,"m_FxEnabled":true},"in2DMode":false,"pivot":{"x":835.8045043945313,"y":32.86003494262695,"z":565.3248291015625},"rotation":{"x":-0.09012692421674729,"y":0.03644002601504326,"z":-0.0033000644762068989,"w":-0.9952601194381714},"size":0.808410108089447,"orthographic":false}