{"cameraMode":{"drawMode":0,"name":"Shaded","section":"Shading Mode"},"sceneLighting":true,"audioPlay":false,"sceneViewState":{"m_AlwaysRefresh":false,"showFog":true,"showSkybox":true,"showFlares":true,"showImageEffects":true,"showParticleSystems":true,"showVisualEffectGraphs":true,"m_FxEnabled":true},"in2DMode":false,"pivot":{"x":179.2466583251953,"y":344.5069885253906,"z":9.526446342468262},"rotation":{"x":0.047661375254392627,"y":-0.021876202896237375,"z":-0.001042777206748724,"w":-0.998627245426178},"size":251.64117431640626,"orthographic":false}